{
    "retval": 0.1089969416524629,
    "cameraMatrix": [
        [
            5227.188241432486,
            0.0,
            1358.2071267298427
        ],
        [
            0.0,
            5253.275142581037,
            1069.9691123974376
        ],
        [
            0.0,
            0.0,
            1.0
        ]
    ],
    "distCoeffs": [
        [
            0.06534623070533141,
            -3.7835707962480987,
            0.008662228040138463,
            -0.0006597479873898787,
            32.06325926113453
        ]
    ],
    "rvecs": [
        [
            [
                -0.07291643408229913
            ],
            [
                -0.178966975999843
            ],
            [
                -1.6984504024441156
            ]
        ]
    ],
    "tvecs": [
        [
            [
                -434.7690899127342
            ],
            [
                139.0334740054371
            ],
            [
                2063.316058775271
            ]
        ]
    ]
}