{
    "retval": 0.11601650626158137,
    "cameraMatrix": [
        [
            5171.343113438823,
            0.0,
            1271.432829427134
        ],
        [
            0.0,
            5193.705730540064,
            1054.2217007868003
        ],
        [
            0.0,
            0.0,
            1.0
        ]
    ],
    "distCoeffs": [
        [
            0.05308967482188399,
            -24.157512834013172,
            0.006936948770318427,
            -0.001851941667086238,
            636.4582156463883
        ]
    ],
    "rvecs": [
        [
            [
                -0.10353976235464005
            ],
            [
                -0.164087753236909
            ],
            [
                -1.7033380387395993
            ]
        ]
    ],
    "tvecs": [
        [
            [
                -241.1348985171024
            ],
            [
                150.2115008707506
            ],
            [
                2056.574983419727
            ]
        ]
    ]
}