{
    "retval": 1.6233725331319722,
    "cameraMatrix1": [
        [
            1280.544713518018,
            0.0,
            620.3939091864995
        ],
        [
            0.0,
            1279.8865789506967,
            498.2909350899934
        ],
        [
            0.0,
            0.0,
            1.0
        ]
    ],
    "distCoeffs1": [
        [
            0.0062990619043283265,
            -0.014144292264947308,
            -0.0002863032285458791,
            -0.003958767136431418,
            -0.026638380474187505
        ]
    ],
    "cameraMatrix2": [
        [
            1273.8830297212696,
            0.0,
            613.358723317997
        ],
        [
            0.0,
            1273.386187183859,
            496.3443349349879
        ],
        [
            0.0,
            0.0,
            1.0
        ]
    ],
    "distCoeffs2": [
        [
            0.03005345333758598,
            -0.4275502285767172,
            -0.00395419422556169,
            -0.003766843164821909,
            1.4189598345499355
        ]
    ],
    "rotationMat": [
        [
            0.9994451400027872,
            0.03127945309841656,
            0.011445869939544146
        ],
        [
            -0.03140771370386749,
            0.9994438684055991,
            0.011203098961777482
        ],
        [
            -0.011089077721113507,
            -0.011556371416471697,
            0.9998717330912898
        ]
    ],
    "translationVec": [
        [
            -8.236951362731084
        ],
        [
            -0.03555455422634537
        ],
        [
            0.01992612757153996
        ]
    ],
    "essentialMat": [
        [
            0.001020101325149156,
            -0.019504164388256633,
            -0.03577322813269315
        ],
        [
            -0.07142512248590566,
            -0.09456599091432603,
            8.236122906307171
        ],
        [
            0.29423863661982547,
            -8.231258406825367,
            -0.091872428456591
        ]
    ],
    "fundamentalMat": [
        [
            -2.460737676022768e-09,
            4.707308032920744e-08,
            8.85737455965744e-05
        ],
        [
            1.7236235462391203e-07,
            2.28323001372835e-07,
            -0.025671946455557225
        ],
        [
            -0.0009882141897433407,
            0.025164823355850633,
            1.0
        ]
    ]
}